Sample,nirS.004,nirS.005,nirS.007,nirS.008,nirS.016,nirS.018,nirS.021,nirS.025,nirS.036,nirS.041,nirS.042,nirS.050,nirS.052,nirS.057,nirS.059,nirS.065,nirS.067,nirS.073,nirS.075,nirS.081,nirS.084,nirK.001,nirK.005,nirK.006,nirK.018,nirK.025,nirK.027,nirK.030,nirK.032,nirK.034,nirK.038,nirK.042,nirK.044,nirK.047,nirK.048,nirK.053,nirK.059,nirK.070,nirK.073,nirK.074,nirK.088-2,nirK.100-2,nirK.101-2,nirK.105-2,nirK.142-2,nirK.147-2,nirK.174-2,amoA.011,amoA.012,amoA.034,amoA.039,amoA.056,amoA.060,amoA.066,Longitude,Latitude,site,plot,layer,point,timepoint,initial_pH,initial_soilTC,initial_soilTN,initial_soilTCN,SOC_mgC_g,SOCN,Al_mg_g_CD,Fe_mg_g_CD,Ca_mg_g_CD,Mn_mg_g_CD,Al_mg_g_AO,Fe_mg_g_AO,NO3_ugN_g_1m,NH4_ugN_g_1m,NO3_ugN_g_9m,NH4_ugN_g_9m,NO3_ugN_g_final,NH4_ugN_g_final,NO3_ugN_g_1m_cor,NH4_ugN_g_1m_cor,NO3_ugN_g_9m_cor,NH4_ugN_g_9m_cor,NO3_ugN_g_final_cor,NH4_ugN_g_final_cor,InorgN_1m,InorgN_9m,InorgN_final,NO3_ugN_g_9T1,NH4_ugN_g_9T1,InorgN_9T1,NO3_ugN_g_fT1,NH4_ugN_g_fT1,InorgN_fT1,NO3_ugN_g_fT9,NH4_ugN_g_fT9,InorgN_fT9,FeII_mg_g,FeIII_mg_g,Fe_HCl_mg_g,FeIIratio,ligninC_perc,litterC_perc,soilC_perc,soilCp_perc,Fe_CDTAO,sand_perc,silt_perc,clay_perc,soilC_decom_mg_g,q16S,qamoA.012,qamoA.034,qamoA.039,qamoA.011,qamoA.060,qamoA.066
BONA_M1_11,3.184783849,7.028981929,5.831839714,6.801159669,6.82709325,7.397051347,6.775137462,5.865495944,4.808449055,3.533479334,6.38938243,7.213266763,5.3528398,6.284241363,7.106630374,6.730405741,2.701531509,3.938895264,3.529860194,3.808148201,7.075342053,5.172999075,5.143577825,6.660419738,6.361245127,6.559504331,3.638360716,6.47399428,4.341516253,5.121003264,5.345784039,6.781828049,5.566603173,6.764124973,6.556624861,7.962197975,7.870656097,4.680481288,6.801863167,6.655401921,6.4535446,4.546547395,7.633418173,6.452567393,4.883860601,6.886407604,6.822591033,26.74641632,2.543759283,8.444618457,2.809732438,26.74641632,26.74641632,8.316751451,-147.478134,65.174454,BONA,Plot 004,M1,11,T0,4.15,96.39976186,5.594942156,17.22980491,96.39976186,17.22980491,2.493438815,10.11045718,0.294741797,0.054577051,2.580780859,5.16394827,1.28012954,55.42288487,3.51094916,12.25779115,1.919193703,10.99485031,1.28012954,55.42288487,3.51094916,12.25779115,1.919193703,10.99485031,56.70301441,15.76874031,12.91404401,2.23081962,-43.16509372,-40.9342741,0.639064163,-44.42803456,-43.7889704,-1.591755457,-1.262940844,-2.854696301,0.95809906,6.613339254,7.571438314,14.48737201,9.34578586,39.67837738,20.9934658,21.86961412,4.946508913,39.0506719,52.5200213,8.561912021,20.23765104,12564085983,203634149.8,0,77090385,0,0,0
BONA_M1_15,2.449281118,6.701725677,5.019284855,5.538769918,5.468913865,6.091765961,5.932958585,4.772496153,3.931943136,2.441890543,5.525936973,5.711437746,4.376902876,5.768553288,6.207580513,7.059856938,1.783070041,3.098283057,2.864483097,3.286202581,6.626495998,4.003751596,4.383776042,5.561969766,5.939520916,5.76723902,2.76237489,5.825788581,4.026801204,4.525771041,4.943299873,5.481191547,5.014128771,6.000392214,5.305388448,6.911978575,6.98171993,3.989218214,6.15620784,5.855069314,5.886633231,3.900152356,6.417371923,5.640644365,4.495513135,6.65726546,6.034600386,9.269763529,3.117890949,9.849240492,3.173214938,9.432153126,26.99707206,8.608252043,-147.478134,65.174454,BONA,Plot 004,M1,15,T0,4.53,72.54565768,2.905456424,24.96876466,72.54565768,24.96876466,2.539103329,10.98154833,0.280383297,0.093711843,2.849730401,5.807168688,0.063074485,0.759262789,7.677398181,4.248474251,1.368999896,5.773392331,0.063074485,0.759262789,7.677398181,4.248474251,1.368999896,5.773392331,0.822337275,11.92587243,7.142392227,7.614323696,3.489211462,11.10353516,1.305925411,5.014129541,6.320054952,-6.308398285,1.524918079,-4.783480205,0.213858101,6.096296424,6.310154525,3.508000367,6.01908074,38.58274291,19.70574874,23.61423915,5.174379646,39.14767096,54.21209118,4.955401388,14.29566502,10456804625,257586504.4,0,111449982.7,0,0,0
BONA_M1_3,2.598817103,6.092350711,5.572992238,6.069989618,5.827641485,6.314070148,6.303738845,5.927157079,3.903487429,2.579622534,5.911566056,5.861643078,4.334218097,5.612433394,6.471858963,6.421105252,1.873130736,3.348511099,3.161343917,3.130303333,6.748138984,4.142067536,5.06647992,6.092600883,5.762410993,5.750921455,2.973865692,5.909390509,3.814012661,4.74097175,4.778992081,5.567886003,4.459765877,6.223733286,5.5708714,6.705678444,6.812891168,4.055318033,6.055066659,6.261156413,5.871725533,4.721249575,6.371620083,5.997481631,4.498581539,6.92304313,6.27004692,9.236925979,3.158193463,9.64680102,3.340754876,9.831376978,26.93234531,8.489485203,-147.478134,65.174454,BONA,Plot 004,M1,3,T0,4.77,64.64750657,2.140514283,30.20185713,64.64750657,30.20185713,2.215125171,10.54141541,0.247462877,0.059730345,2.681092168,5.914341302,0.266970563,0.153032081,0,2.135723924,0.895354263,8.603996382,0.266970563,0.153032081,0,2.135723924,0.895354263,8.603996382,0.420002644,2.135723924,9.499350644,-0.266970563,1.982691843,1.71572128,0.628383699,8.450964301,9.079348,0.895354263,6.468272457,7.36362672,0.097585624,2.834160444,2.931746068,3.443193367,6.385695119,35.15792509,11.9120497,18.21886344,4.627074112,31.70133895,60.76933984,8.102578646,7.700843112,9701328895,308970511.6,0,141010887.5,0,0,0
BONA_M1_7,3.333978071,6.994229769,6.423960005,6.828665655,6.622214787,7.451034414,7.260817083,6.447527403,4.510303747,3.510534375,6.605330326,5.682090989,5.203082905,7.062759174,7.346836172,7.062583442,2.578466881,4.323415783,3.829839166,3.787609595,7.637808911,4.916183689,5.431028764,6.269651925,5.968611958,6.17821385,3.363303233,6.32696641,4.171561322,5.332374061,5.147801512,6.002720159,5.331123412,6.425901142,6.315486304,7.800106021,7.033292193,4.779581742,6.710738627,6.739406053,6.360269336,4.736889892,7.54899788,6.542582477,5.07086903,6.63820636,6.914308677,26.87228692,2.981681447,8.80187997,3.015401082,9.452666953,9.716607912,8.820984496,-147.478134,65.174454,BONA,Plot 004,M1,7,T0,4.31,119.9434573,4.48834413,26.72332019,119.9434573,26.72332019,4.588499035,15.27288912,0.284174224,0.036641764,4.871118101,11.04259421,-0.626038418,96.62195114,1.078025943,2.360042527,1.076938058,6.843656538,0,96.62195114,1.078025943,2.360042527,1.076938058,6.843656538,96.62195114,3.438068471,7.920594596,1.078025943,-94.26190861,-93.18388267,1.076938058,-89.7782946,-88.70135654,-0.001087885,4.483614011,4.482526126,0.564832501,9.624121585,10.18895409,5.86892524,4.616651248,28.91185451,11.37551977,10.55522465,4.230294911,38.82820258,51.34061569,6.35551142,13.6441917,10046724237,186641896.2,0,88189385.37,0,0,0
CPER_M1_11,2.558295399,6.456807126,5.308218211,6.662559959,5.14747367,4.908527631,6.072654503,5.824156455,3.89957937,1.758419354,4.671109794,5.817321622,3.696708212,5.620913545,5.817666192,6.567129696,1.609476264,3.01081936,2.817129287,3.175465618,6.708414707,4.489151127,5.140449081,5.234638446,6.673791486,6.382006271,2.43012455,6.034062891,4.151615474,4.939067377,4.607006803,5.230942766,5.185757561,5.674268315,5.154113779,6.764113641,5.951260123,4.503806657,6.600837368,6.84923177,6.095642582,4.251283311,6.352636318,6.117825127,4.890864243,6.067116651,7.656650557,25.23548617,3.109114165,25.23548617,3.268141035,25.23548617,25.23548617,7.952564229,-104.699535,40.850866,CPER,Plot 006,M1,11,T0,5.91,8.7280634,0.796812076,10.95372881,8.7280634,10.95372881,0.317087926,3.142907218,1.23967791,0.261839343,0.287460701,0.155190978,1.225242224,1.069917779,4.042978681,1.789425161,0.488808604,0.110305868,1.225242224,1.069917779,4.042978681,1.789425161,0.488808604,0.110305868,2.295160003,5.832403843,0.599114472,2.817736457,0.719507383,3.53724384,-0.73643362,-0.959611911,-1.696045531,-3.554170078,-1.679119293,-5.233289371,0.028449042,0.132102149,0.160551191,21.53563881,5.644657583,26.79061506,45.97508656,65.0699685,2.98771624,74.80237154,15.61264822,10.57312253,4.012734703,4165911156,155448359.5,0,60388805.69,0,0,0
CPER_M1_15,2.477510623,6.970798487,5.263644495,6.140353027,5.31743639,5.564663616,6.536888386,5.676479997,3.84802067,2.159546952,5.249379627,5.762295431,3.910346896,5.765615059,6.180434172,6.68652716,1.952477588,3.200736592,3.019079535,2.827798166,6.848647672,4.259849388,5.204133606,6.117376721,6.269273216,5.894205,2.597653253,5.4959723,4.607393887,5.156094142,4.667959899,5.458121573,5.139564865,6.110714534,5.491616797,6.626983387,6.431683865,4.286225062,6.45948953,6.795820333,5.253001857,4.348590257,6.866297302,6.190378421,4.753137451,7.402690008,6.71297169,25.91609887,2.845269233,25.91609887,3.159241949,25.91609887,25.91609887,8.449578397,-104.699535,40.850866,CPER,Plot 006,M1,15,T0,5.8,10.89167287,1.005241433,10.83488256,10.89167287,10.83488256,0.383378785,3.115791518,1.553547665,0.380783596,0.359310002,0.26990122,0.620325466,0.760722045,2.509113545,2.603802332,0.896811392,2.934464729,0.620325466,0.760722045,2.509113545,2.603802332,0.896811392,2.934464729,1.381047511,5.112915877,3.831276121,1.888788078,1.843080288,3.731868366,0.276485926,2.173742684,2.45022861,-1.612302152,0.330662397,-1.281639756,0.037644431,0.998747454,1.036391885,3.769164103,7.30617517,26.1778025,36.55599092,77.0254777,2.845890298,68.15034619,19.28783383,13.05637982,3.981558946,5819977277,203287289.7,0,76691479.63,0,0,0
CPER_M1_3,2.458837393,7.15116918,4.876367972,6.228067607,5.3983824,5.269736584,6.647103854,6.056834374,3.639148887,1.721686763,5.053573455,5.915311244,3.742115677,5.427899705,6.604378892,6.513020788,1.670193361,3.345529049,2.819420085,2.558626581,6.593413073,4.10475074,4.507648739,5.792829988,5.554463544,6.05359463,2.441542193,5.705457984,4.506393136,5.369396152,4.527821327,5.122883266,4.863905954,6.945128828,5.732990482,6.927388624,6.870450498,4.734499114,6.378177219,7.200871429,5.560594093,4.234776138,5.705360221,5.512042319,4.899698065,7.582179801,6.599358512,25.03869642,2.781020266,7.17386261,3.341225656,25.03869642,25.03869642,7.659823184,-104.699535,40.850866,CPER,Plot 006,M1,3,T0,6.1,10.94688163,0.883330298,12.39273877,10.94688163,12.39273877,0.297791226,2.403807071,1.064183337,0.213386322,0.269035142,0.234289933,0.771710243,0.294426013,1.919872842,2.23164796,0.847862374,2.187427426,0.771710243,0.294426013,1.919872842,2.23164796,0.847862374,2.187427426,1.066136256,4.151520802,3.0352898,1.148162598,1.937221947,3.085384546,0.07615213,1.893001413,1.969153543,-1.072010468,-0.044220534,-1.116231002,0.036135451,1.243646303,1.279781754,2.905605153,6.080377904,31.11683063,41.05935475,54.31202062,2.169517138,69.90196078,18.1372549,12.54901961,4.494718961,3481131147,129912910.2,0,54118750.71,0,0,0
CPER_M1_7,2.69653294,7.707289324,5.458248247,5.934281296,5.477770816,5.027854518,6.023925519,6.397561391,4.002119361,2.085231738,5.222848826,6.093916478,4.033690151,5.767011114,6.194722847,6.856160595,1.773505205,3.304920224,3.050093973,2.913914591,6.571121626,4.22426973,5.154774504,5.746616066,6.48138656,5.987714271,2.439658626,5.741303955,4.455564222,4.735615087,4.766961118,5.604803439,4.995659121,6.351381631,5.682549487,7.170897719,6.113188257,4.391608835,7.039190864,7.669220734,5.753714603,4.630217046,6.449630363,6.048578154,4.991264369,7.104164507,6.965605713,25.22633714,2.989484363,25.22633714,2.858599479,8.221698457,25.22633714,25.22633714,-104.699535,40.850866,CPER,Plot 006,M1,7,T0,5.68,10.2879656,0.889212435,11.56975004,10.2879656,11.56975004,0.343938766,2.895396837,1.204008296,0.246658004,0.345185675,0.257068152,2.184845699,0.191381135,1.635741282,2.628780948,0.498890289,3.031643569,2.184845699,0.191381135,1.635741282,2.628780948,0.498890289,3.031643569,2.376226834,4.264522229,3.530533858,-0.549104417,2.437399812,1.888295395,-1.68595541,2.840262434,1.154307024,-1.136850993,0.402862622,-0.733988371,0.035063755,1.082326186,1.117389941,3.239666134,5.455758578,27.98499041,42.79084186,60.79379936,2.638328685,71.23015873,18.65079365,11.01190476,4.40230709,3808474738,126945514.5,0,37986933.8,0,0,0
DSNY_M1_11,1.825387977,5.653097237,4.494676846,5.338199096,4.658350488,4.41557885,4.968921198,5.87759033,2.917912867,1.561853238,3.511184723,5.375105008,3.295914393,4.897241835,5.768485389,5.001915373,0.900514794,2.00884864,2.122155396,2.207366226,5.486822323,2.716042313,3.669022897,4.621089492,4.837407827,4.956691521,1.712981764,5.196665014,3.183080343,3.571704349,3.88793744,4.564569644,4.1016502,4.948717302,3.874371636,6.624472399,5.769458809,3.107741548,5.139055718,5.347596971,4.836260427,3.09705669,6.044363815,5.134762464,3.671910066,6.741965816,6.790392181,24.57447894,1.87421471,7.013019855,2.081201511,24.57447894,24.57447894,7.087804636,-81.418579,28.0967,DSNY,Plot 023,M1,11,T0,4.88,32.64947285,1.421498473,22.96834887,32.64947285,22.96834887,1.58686997,0.298309902,0.116123506,0.008966115,1.592917878,0.203118408,-0.096022064,-0.156951833,1.806277341,1.424921176,0.565409092,2.328993184,0,0,1.806277341,1.424921176,0.565409092,2.328993184,0,3.231198517,2.894402276,1.806277341,1.424921176,3.231198517,0.565409092,2.328993184,2.894402276,-1.240868249,0.904072008,-0.336796241,0.05047869,0.070435291,0.120913981,71.666759,3.638504573,21.03996949,21.73908567,16.949094,0.095191494,92.26248776,4.015670911,4.015670911,7.097696873,2938391984,155753290.8,0,91654944.33,0,0,0
DSNY_M1_15,1.44358094,5.971890374,4.119892611,4.751197327,4.129838906,4.245979867,4.819134087,5.19988436,2.736200725,0.966341959,3.465121832,4.799039193,2.803338313,4.275400371,4.91404823,5.823767756,0.659396466,1.57500511,2.068906212,2.203578697,5.177276122,2.667734259,3.385227165,4.369192808,5.128143501,5.082307689,1.870692223,4.838431214,3.242863013,3.858005458,3.887242689,4.184718896,3.768453792,4.820960992,4.019707899,5.512855179,6.061313876,3.419640109,4.509000567,5.583918929,4.702555592,2.840665961,5.184143692,4.66035467,3.316258156,6.905760862,6.01388423,24.31947661,1.571667665,6.163251132,2.040355121,24.31947661,24.31947661,24.31947661,-81.418579,28.0967,DSNY,Plot 023,M1,15,T0,5.07,25.7219095,1.191289647,21.59165033,25.7219095,21.59165033,0.431141613,0.317950025,0.086160482,0.007090208,0.463590562,0.205737285,0.272159542,0.181237408,6.085544872,1.438407051,0.709456403,1.277653801,0.272159542,0.181237408,6.085544872,1.438407051,0.709456403,1.277653801,0.453396949,7.523951923,1.987110204,5.813385331,1.257169643,7.070554974,0.437296862,1.096416393,1.533713254,-5.376088469,-0.16075325,-5.53684172,0.018719506,0.331716471,0.350435977,5.643224721,3.540919109,26.92881456,22.10771032,18.98129129,0.11221274,94.61077844,3.493013972,3.293413174,5.686525241,2592770801,147329604.9,0,84877168.03,0,0,0
DSNY_M1_3,2.19075477,6.553802666,5.067274558,6.325711477,5.032278742,5.015406224,5.946138233,5.474055422,3.509953682,1.778035098,4.429355511,4.966169797,3.526971862,4.542039371,6.073856709,5.969560195,1.30348843,2.378554822,2.809519712,2.254083398,6.59301541,3.01086494,4.001221898,5.178969305,5.655395632,5.127286894,2.024620135,5.666850553,3.342319129,4.244140023,4.125622116,4.815820509,4.613264899,5.046442503,4.402680277,5.617325695,6.260527329,3.488836587,5.778549616,5.977674743,5.021275217,3.821289297,6.319967476,5.715516193,3.897540066,6.832200037,6.243503346,25.61588094,3.008601106,25.61588094,3.20478935,25.61588094,25.61588094,25.61588094,-81.418579,28.0967,DSNY,Plot 023,M1,3,T0,4.5,53.63609054,2.572985757,20.84585598,53.63609054,20.84585598,0.881386517,0.445940832,0.107964322,0.006132053,1.038652262,0.407618149,0.978700371,1.066482785,5.966010056,0.830152009,0.714722801,0.745954983,0.978700371,1.066482785,5.966010056,0.830152009,0.714722801,0.745954983,2.045183156,6.796162065,1.460677785,4.987309685,-0.236330775,4.75097891,-0.26397757,-0.320527801,-0.584505371,-5.251287255,-0.084197026,-5.335484281,0.028530286,0.39885318,0.427383466,7.153079742,5.753625635,27.10934063,8.501576264,18.66357003,0.038322683,93.66471735,3.411306043,3.606237817,4.559913142,4945956204,256335178.5,0,100191719.6,0,0,0
DSNY_M1_7,1.659055324,5.851020564,4.89356124,5.777509988,4.558581433,4.63781228,5.505053588,4.999702442,2.682181749,0.840467636,3.351283891,5.107307642,3.077759241,4.586945929,5.41123529,6.033697834,0.722735751,2.009497631,2.003391443,2.33348076,6.646431735,2.95208501,3.685643065,4.400959913,5.036740421,4.480281752,1.724984756,5.447890056,2.704055486,3.740750872,3.611077613,4.594515021,3.444112658,4.868370916,4.232199107,5.625894139,5.619817607,3.512618796,4.586704453,6.37266827,4.212990323,3.327197025,6.267729816,5.286384192,3.519230241,6.406768412,5.871291925,24.10311992,2.24821495,24.10311992,2.151393343,24.10311992,24.10311992,24.10311992,-81.418579,28.0967,DSNY,Plot 023,M1,7,T0,4.98,28.51247825,1.261408416,22.60368482,28.51247825,22.60368482,0.312537536,0.346639407,0.133042834,0.011470722,0.324793132,0.306294815,1.128203713,1.25975095,4.087614822,1.915423937,0.870937489,8.40316293,1.128203713,1.25975095,4.087614822,1.915423937,0.870937489,8.40316293,2.387954663,6.003038759,9.274100419,2.959411109,0.655672987,3.615084097,-0.257266224,7.14341198,6.886145756,-3.216677333,6.487738993,3.27106166,0.024690146,0.23843413,0.263124276,10.35512223,4.292105734,28.12613051,18.48137532,13.27800081,0.040344592,95.17716535,3.346456693,2.952755906,5.269498119,1436276732,72002759.93,0,19767787.5,0,0,0
KONZ_M1_11,2.847866173,7.208705895,6.059508477,6.784319761,5.66578855,6.300672222,6.794909138,5.964623486,4.103276035,2.553294587,5.567988263,6.256640132,4.146930313,5.875558414,6.406612302,6.664566301,2.228012357,3.552408296,3.267101316,3.348173246,7.497970156,4.408998219,5.2509104,5.856801219,5.964065768,5.945624504,2.536439567,6.152068333,4.536909896,5.187478629,4.965789096,5.493888037,5.529810071,6.373980071,5.52267733,6.897158369,6.399695079,4.56569811,7.252702162,7.730396125,5.676693216,4.741451254,6.432417975,5.788720816,4.888334693,6.803944509,7.410566748,9.169669255,3.504512245,9.443787979,3.404852579,26.79396471,26.79396471,9.219355713,-96.555875,39.075067,KONZ,Plot 001,M1,11,T0,6.29,36.70998006,2.910884957,12.61127822,36.70998006,12.61127822,0.893894452,9.093894597,3.83375221,0.330239912,1.191950802,0.896520978,0.375677288,0.94367444,0.706469947,3.409884695,2.995596124,3.802313998,0.375677288,0.94367444,0.706469947,3.409884695,2.995596124,3.802313998,1.319351728,4.116354642,6.797910122,0.330792659,2.466210254,2.797002914,2.619918836,2.858639557,5.478558394,2.289126177,0.392429303,2.68155548,0.092121738,4.181878303,4.274000041,2.202879462,5.787149902,16.08799576,16.97884403,50.05742863,8.19737362,8.798240352,71.98560288,19.49610078,6.232930258,8781048602,207244690.1,0,93758063.11,0,0,0
KONZ_M1_15,2.456460283,7.011061909,5.851460792,6.175713955,5.421926796,5.737879903,6.31787636,6.251316262,3.951879118,2.241115458,5.409529819,6.072806727,4.010974721,5.606587251,6.00493146,6.133466608,1.939986677,3.311471958,2.948654438,2.894241586,6.730510542,4.153088596,4.934239098,5.420238783,5.965416255,6.082729459,2.400264987,5.721033422,4.088605977,4.917064612,4.493083464,5.324930441,4.879129536,6.289484547,5.084230372,7.288096854,6.574614192,4.384783774,6.774542734,7.045138639,5.7126923,4.800637354,7.15905969,6.223840843,4.699381758,7.507707,7.237849696,9.165854071,3.128509556,8.637232819,3.384774656,8.805963773,26.81072505,8.507598415,-96.555875,39.075067,KONZ,Plot 001,M1,15,T0,6.12,39.65905324,3.188844337,12.43681066,39.65905324,12.43681066,0.952987922,9.373456677,4.276181023,0.374352504,1.240429938,0.853048845,0.480592226,1.029963685,1.92862659,1.901206301,3.129617036,1.924854739,0.480592226,1.029963685,1.92862659,1.901206301,3.129617036,1.924854739,1.510555911,3.829832891,5.054471775,1.448034364,0.871242616,2.31927698,2.64902481,0.894891054,3.543915864,1.200990446,0.023648438,1.224638884,0.113095259,5.742773155,5.855868414,1.969349232,4.214919834,48.82256937,22.8329001,12.99443126,8.520407832,23.16441787,64.93956463,12.67113456,9.055312007,10566802376,263211567.3,0,118569571.2,0,0,0
KONZ_M1_3,2.821560807,7.243582482,5.991423875,7.26722354,5.804652552,6.511290958,7.032722207,6.783387039,4.357160573,2.744867992,5.855421888,6.575004775,4.341516281,6.408517842,6.622353648,6.947079986,2.503192811,3.780357349,3.552863337,3.555323075,7.453548333,4.665259246,5.707895439,6.159535852,6.354832942,6.665366712,3.023951296,6.360247168,4.544947663,5.596496858,5.317029762,6.223530168,6.023396232,6.952825859,5.827142405,7.821477453,7.043018119,5.167232634,7.005350854,7.560425087,5.887980723,4.56520205,7.528039318,5.897060407,5.046021474,7.128474949,7.308788278,26.65320865,3.008068684,9.206988989,3.546196306,26.65320865,26.65320865,8.354976821,-96.555875,39.075067,KONZ,Plot 001,M1,3,T0,6.06,39.71503568,3.157786641,12.57685847,39.71503568,12.57685847,0.91360506,8.002917899,3.555203107,0.31508432,1.150733409,0.652349694,0.470640253,1.055548754,1.257069506,1.659773607,1.47709959,4.083606983,0.470640253,1.055548754,1.257069506,1.659773607,1.47709959,4.083606983,1.526189007,2.916843113,5.560706573,0.786429253,0.604224853,1.390654106,1.006459337,3.028058228,4.034517566,0.220030084,2.423833376,2.64386346,0.16404798,5.198158229,5.362206209,3.155886613,4.169048253,51.22813123,16.88518204,15.78207443,7.350568205,17.65726941,70.03052613,13.06837453,6.705956071,9599704600,276259271.1,0,104221184.5,0,0,0
KONZ_M1_7,3.552960611,8.080383578,6.534168869,7.498260284,6.902835784,7.191850525,7.602087667,8.141354914,5.16942373,3.729215491,6.549831464,7.285899156,5.427872345,6.464155361,7.194643777,7.261793499,3.433543278,4.406575874,3.840159413,4.288991918,7.948383149,5.096011992,5.910984063,6.704851393,6.338023175,6.909057802,3.587512786,6.94649204,5.010791623,6.006240377,5.502271903,6.502063096,5.716605253,7.818050772,6.118651416,8.437932918,7.38543875,5.571479327,7.673046259,8.428506758,6.676204638,5.235923886,7.6092684,6.95765563,5.562155842,8.131101253,8.069072679,27.19711137,4.017108631,9.676740409,3.964894157,27.19711137,27.19711137,9.165206299,-96.555875,39.075067,KONZ,Plot 001,M1,7,T0,6.45,59.3151308,4.410008289,13.45011776,59.3151308,13.45011776,1.012937953,9.738727804,5.758533695,0.442699605,1.298445492,0.886757103,0.145902429,0.811527856,2.462849309,1.288204228,5.433761309,4.312266752,0.145902429,0.811527856,2.462849309,1.288204228,5.433761309,4.312266752,0.957430285,3.751053537,9.74602806,2.31694688,0.476676372,2.793623252,5.28785888,3.500738896,8.788597776,2.970912,3.024062523,5.994974523,0.089336592,4.368907942,4.458244533,2.044826595,5.781207089,52.67430976,20.26162186,13.08687326,8.851970701,35.81846685,51.09836684,13.09705713,12.01820751,10834763325,256299800.2,0,103693589.8,0,0,0
LENO_M1_11,2.153780205,6.6969569,5.405624839,6.118822099,4.776415358,5.453300184,6.270845207,5.710514588,3.413521326,2.023469673,5.113060213,5.946782424,3.743883108,5.118087863,5.772549287,6.618033207,1.327369432,2.580173608,2.574247042,2.843088239,6.697301935,3.804130859,4.234648604,5.486245157,5.651864018,5.277957464,2.602232925,5.448808475,3.593149702,4.737528303,4.200151809,5.151268007,4.424443664,6.527102062,5.071230204,6.703529719,6.563027209,3.947864479,5.901014816,6.771247797,4.879379939,3.628710357,5.878997531,5.531021802,3.885103832,6.921779437,6.547393844,26.17149638,1.979432949,6.706001753,2.594533712,9.040864413,8.552760355,6.83124337,-88.19388,31.806907,LENO,Plot 006,M1,11,T0,4.8,21.95116376,2.080300645,10.55191893,21.95116376,10.55191893,2.501788481,19.27855573,3.134978768,1.887464844,1.804945758,9.218029994,-0.358785869,0.966083315,1.120029774,-1.466286105,77.99200786,7.457368663,0,0.966083315,1.120029774,0,77.99200786,7.457368663,0.966083315,1.120029774,85.44937653,1.120029774,-0.966083315,0.153946458,77.99200786,6.491285348,84.48329321,76.87197809,7.457368663,84.32934675,0.038238376,3.847113466,3.885351841,0.993949774,17.76658477,50.02770781,38.33636315,41.80365925,10.06052574,38.6407767,40.48543689,17.76699029,8.415277855,8025348274,309164692.3,0,139360736.1,0,0,7769487.446
LENO_M1_15,1.838217204,6.228638431,4.74551609,5.388345413,4.526725401,4.859799266,5.284345638,5.10819302,3.311502087,1.425565269,4.805863533,5.357328922,3.347435781,5.047397493,5.630645074,6.873890725,1.085321162,2.383455263,2.222226687,2.310565452,6.401183557,3.562957596,4.087885579,4.95288586,4.940599023,5.238876194,1.994871771,4.937315941,3.232911549,4.693313197,3.877533208,5.179159944,4.372831197,5.949887108,5.002663366,6.028207705,6.252169951,3.684984587,5.722845952,7.094581441,4.491000775,3.580523133,5.968669072,4.997698754,3.727616814,5.993303195,6.679214045,8.066677931,2.241708275,8.740888732,2.384289075,25.86202554,25.86202554,7.228154245,-88.19388,31.806907,LENO,Plot 006,M1,15,T0,5.08,18.70977965,2.048566214,9.133109549,18.70977965,9.133109549,2.461772195,20.09493233,4.086345238,3.131115758,1.773520762,9.751099523,-0.450734091,1.014760734,0.719002171,-1.313290725,31.13807747,2.437904699,0,1.014760734,0.719002171,0,31.13807747,2.437904699,1.014760734,0.719002171,33.57598217,0.719002171,-1.014760734,-0.295758563,31.13807747,1.423143965,32.56122143,30.4190753,2.437904699,32.85697999,0,7.624257621,7.624257621,0,15.79164027,46.78881987,18.70367585,41.95332614,10.3438328,27.01092354,48.06355511,22.1449851,3.499416538,5764584536,249012754.4,0,99259169.91,0,0,0
LENO_M1_2,1.993618423,6.175549271,5.049041917,5.867096681,4.922540656,5.264684587,5.684198212,5.640040805,3.201596333,1.703670712,4.582280082,5.138926935,3.265289579,5.071968957,5.576483827,6.3854637,1.035801694,2.557270544,2.172424879,2.490866201,5.845615527,3.232394928,3.546596801,5.135815466,5.039013107,5.103343364,1.903681757,5.013689892,3.096585555,4.438638597,3.86626121,4.807465338,4.16390459,5.297868668,4.533281496,5.583945918,5.584999815,3.389485911,5.545797982,6.105734762,4.260040188,3.566136278,5.60551451,5.044764901,3.595885483,6.137180878,6.354324687,26.61644069,2.89970858,7.844184717,3.011038292,26.61644069,26.61644069,8.642598331,-88.19388,31.806907,LENO,Plot 006,M1,2,T0,5.25,19.6268497,1.540708147,12.73884982,19.6268497,12.73884982,2.528319161,20.87505278,4.353753194,3.293497584,1.756483149,10.14566914,-0.293205377,0.627043819,0.84129972,-1.85379564,45.91618839,2.118964368,0,0.627043819,0.84129972,0,45.91618839,2.118964368,0.627043819,0.84129972,48.03515276,0.84129972,-0.627043819,0.214255902,45.91618839,1.49192055,47.40810894,45.07488867,2.118964368,47.19385304,0.033184279,1.910473907,1.943658186,1.736965831,12.31443987,38.27685225,18.75750067,34.23216194,10.72938363,18.69436202,50.04945598,28.28882295,3.681506464,7157672978,280404565.5,0,128538935.9,0,0,0
LENO_M1_7,2.360363509,6.917934562,5.475812966,5.954277862,5.578414313,5.553157018,5.906865204,6.046347058,3.370899513,2.159788035,4.754032101,5.103073924,3.579370572,4.864304641,6.177136194,6.459212731,1.33072528,2.744012899,2.691460532,2.585058549,6.294930887,3.687167133,4.374196582,5.512284637,5.487802828,4.980322983,2.402410381,5.769360319,3.265508574,4.339517503,4.004825967,5.018919508,4.56343047,5.981450323,4.708825759,6.468088408,6.424118362,3.786025737,6.259766454,5.89340911,4.891098026,3.599359966,6.130419364,5.72037827,3.439744258,6.276233053,6.490868334,8.830608565,2.250044758,7.317624414,2.344622567,9.455413319,9.285638936,6.90724967,-88.19388,31.806907,LENO,Plot 006,M1,7,T0,4.64,21.20146089,2.040603025,10.38980176,21.20146089,10.38980176,2.366580046,19.483581,2.967078972,1.25866835,1.914011665,10.00452071,-0.537330564,0.626964419,1.59710377,-0.402402829,158.5007027,2.574227634,0,0.626964419,1.59710377,0,158.5007027,2.574227634,0.626964419,1.59710377,161.0749303,1.59710377,-0.626964419,0.970139351,158.5007027,1.947263216,160.4479659,156.9035989,2.574227634,159.4778266,0.035623495,5.041803206,5.077426701,0.706562582,19.69676773,44.40093798,22.54779154,51.86529131,9.479060285,36.72869736,35.55337904,24.87757101,4.780461205,7769832056,391474852.4,0,134784477.1,0,0,0
NIWO_M1_1,1.856431545,6.883310244,4.612204099,5.016905734,4.850882937,4.951875729,5.240139177,5.055178279,2.976655321,1.513492981,4.745863257,5.207621621,3.766867712,5.136432465,5.34826938,6.51946516,1.042289861,2.385727142,2.356733788,2.309245618,6.276797629,3.432256825,4.040121206,5.255433428,5.110599605,5.308530552,2.028400786,5.103691042,3.487875887,4.719520442,4.10100551,5.120610225,4.420817328,6.269787448,4.693963899,6.057423522,6.135017743,3.721300887,5.714488731,5.354241071,5.077967983,3.322577023,5.807454214,4.929225639,3.892163298,5.887096327,6.135650187,25.83190347,1.850698574,6.711101391,1.914553303,8.609379631,25.83190347,6.762593846,-105.558975,40.042344,NIWO,Plot 041,M1,1,T0,5.22,22.96000554,1.838333747,12.48957409,22.96000554,12.48957409,2.459179999,14.45374247,0.368839182,0.260957558,2.472363494,3.98181713,-0.593287795,-0.844043574,2.629686049,2.10901623,0.847678881,1.44109346,0,0,2.629686049,2.10901623,0.847678881,1.44109346,0,4.738702278,2.288772341,2.629686049,2.10901623,4.738702278,0.847678881,1.44109346,2.288772341,-1.782007167,-0.66792277,-2.449929937,0.042091748,1.662340944,1.704432692,2.532076702,4.794142959,17.29588137,25.96257082,33.62861007,10.47192534,65.14118793,27.36124635,8.76338851,5.961007698,6952291976,492067892.4,0,201104954.6,0,0,6560451.178
NIWO_M1_11,1.617859063,6.503969841,4.748573416,4.999565727,4.667065463,5.274719606,5.387093602,5.078225634,3.015564072,1.246203511,4.349691292,4.867914402,3.382603581,4.646452647,5.082465037,5.877304294,0.747535202,2.152426582,2.155376378,2.118082976,5.782712773,3.212422531,3.86526949,4.970086172,4.535521742,4.66505076,1.455561204,4.61314254,2.763245463,3.908712369,3.918244379,4.630997133,3.712100611,5.611532494,4.580562832,6.328731518,5.756757546,3.154007758,5.352850189,5.289546929,4.81915413,3.586673161,6.008282348,4.985066195,3.807426724,6.08063407,6.240894482,26.45025307,1.996311383,7.661375672,2.08604523,8.124591687,8.574795828,7.511993388,-105.558975,40.042344,NIWO,Plot 041,M1,11,T0,5.14,52.7263291,3.28276042,16.06158305,52.7263291,16.06158305,1.487506145,9.913187088,1.315303123,0.691328669,1.239840022,3.082761144,0.193484801,0.158129252,3.689720248,5.451322331,0.515566818,4.873412468,0.193484801,0.158129252,3.689720248,5.451322331,0.515566818,4.873412468,0.351614053,9.141042579,5.388979286,3.496235447,5.293193079,8.789428526,0.322082017,4.715283217,5.037365233,-3.17415343,-0.577909863,-3.752063293,0.045979059,1.740054603,1.786033662,2.642391723,6.034478097,26.7652572,8.937724121,16.86991399,6.830425944,71.78464606,21.23629113,9.172482552,4.712533835,7019524560,355618432.7,0,165047544.1,0,0,0
NIWO_M1_5,2.052261766,6.57533953,4.745382664,5.496945005,5.274709308,5.61362994,5.35772354,5.440862386,3.326572566,1.95480565,4.861117283,5.264486584,3.876378854,5.057087996,6.109450646,6.731299679,1.174930468,2.562139862,2.574546072,2.294620572,5.689068091,3.609086777,4.123789477,5.328331185,5.370674855,5.256807577,2.274768138,5.17848824,3.524944137,4.55649526,4.417720586,5.291609492,4.474781552,6.271382085,4.873415062,6.21842427,6.482559931,3.906397608,5.676446079,5.864161421,4.988720003,3.228347831,5.799742864,5.317257737,4.074170624,6.600262657,6.463793393,26.19007124,1.877387794,8.064156196,2.216323925,7.43823928,8.715418888,7.378776347,-105.558975,40.042344,NIWO,Plot 041,M1,5,T0,4.75,41.14253864,3.466021757,11.87024823,41.14253864,11.87024823,2.483213365,12.34720239,0.28792992,0.258589709,2.348364722,3.219377222,0.500633192,-0.127291827,6.524105423,2.205803023,165.8349251,7.459730257,0.500633192,0,6.524105423,2.205803023,165.8349251,7.459730257,0.500633192,8.729908446,173.2946554,6.023472232,2.205803023,8.229275255,165.3342919,7.459730257,172.7940222,159.3108197,5.253927234,164.5647469,0.042401497,1.002433686,1.044835183,4.229855551,6.580239966,37.44586319,18.26234631,28.42624842,9.127825166,68.96207585,24.8502994,7.984031936,7.513592888,6592588184,396282730.7,0,156825167.6,0,0,5647829.822
NIWO_M1_6,2.401723246,7.385903058,5.370772887,5.247698511,5.148950544,5.608683394,5.453797177,5.803386672,3.02103942,1.85849026,4.570562211,5.469923353,3.888577996,4.869792264,5.68863624,5.537039022,1.339269682,2.548649359,2.804129078,2.397717773,6.773402382,3.92047623,4.498651989,5.589579231,5.470407652,5.195610035,2.470781197,5.019863936,3.399151133,4.269619977,4.455471559,5.252597263,4.394915169,5.873784939,5.052065373,6.643878924,6.133914321,3.990763162,6.193559034,5.786779279,5.425862661,3.613215178,6.410166534,5.888315479,3.863683836,6.153743,5.956484801,9.167226788,2.162062965,8.961395408,2.430991112,9.114040875,8.935663208,7.502325977,-105.558975,40.042344,NIWO,Plot 041,M1,6,T0,4.49,51.1070789,4.172490347,12.2485793,51.1070789,12.2485793,2.283409811,11.26540511,0.438239625,0.506249511,1.97367154,2.920687056,0.591622654,0.770042769,11.13989016,3.679484789,166.1170301,43.61052551,0.591622654,0.770042769,11.13989016,3.679484789,166.1170301,43.61052551,1.361665423,14.81937494,209.7275556,10.5482675,2.909442021,13.45770952,165.5254074,42.84048274,208.3658902,154.9771399,39.93104072,194.9081806,0.045592711,1.189857496,1.235450207,3.831779082,7.984391362,41.70142755,18.00489658,23.91175913,8.344718052,65.57539683,27.77777778,8.333333333,9.201776698,7665900120,415431886.7,0,207657645.8,0,0,0
ONAQ_M1_11,2.449780386,6.534431011,5.601075153,5.816815405,5.296725071,4.998515169,5.909936069,5.606669534,3.852920254,1.897414385,5.090924161,5.77079878,3.931438879,5.259768204,6.831690596,6.140751583,2.037156468,3.114170018,2.979257299,3.271697586,6.298615181,3.850017187,4.979282839,5.733317627,6.111620234,5.72901795,2.806232588,6.171013676,4.557639592,5.20449845,4.542205317,5.222686024,5.225035387,6.041394662,5.563736765,7.449304405,6.761053313,4.868494705,6.532563579,6.188073522,5.862244777,4.377676003,6.210582824,6.212750564,4.715807432,8.027410986,7.38310621,25.19153243,2.873168923,8.040364823,3.635314364,25.19153243,25.19153243,25.19153243,-112.472482,40.185937,ONAQ,Plot 004,M1,11,T0,8.54,18.84838117,1.230471985,15.31800918,12.79636492,10.39955811,0.610633301,4.512049271,20.86450011,0.384679081,0.918269933,0.469020946,-0.283581389,0.202862097,2.521826198,2.150573107,0.712865991,2.102024222,0,0.202862097,2.521826198,2.150573107,0.712865991,2.102024222,0.202862097,4.672399304,2.814890212,2.521826198,1.947711009,4.469537207,0.712865991,1.899162125,2.612028115,-1.808960207,-0.048548885,-1.857509092,0.025682101,0.631437215,0.657119316,4.067245401,5.979323618,28.00869736,26.20549925,34.84827357,4.043028325,40.37328094,48.52652259,10.21611002,4.939312387,4714345474,112127933.2,0,36523786.53,0,0,0
ONAQ_M1_15,2.780326103,6.824303602,5.492144329,6.490268564,5.478445283,5.829965802,6.404569022,6.024458668,3.967536535,2.202357236,5.952374254,6.548743194,4.738573941,5.770729684,6.882630688,7.180189573,2.336616024,3.630243819,3.155980494,2.909926114,6.845554728,4.590890675,5.068659313,5.838275966,6.258173807,5.57954547,2.826535737,6.626562383,4.687554023,4.891247967,4.894610593,5.232878918,5.751926414,6.280060407,5.745455816,6.764382137,7.017631217,5.123559623,7.007040223,7.073012066,6.164233786,4.856545195,6.525379767,5.988818933,4.971003298,7.579029913,6.898354848,25.84109163,2.999968248,7.97588734,3.509280614,25.84109163,25.84109163,8.808914501,-112.472482,40.185937,ONAQ,Plot 004,M1,15,T0,8.44,27.30784453,1.315611097,20.75677576,17.62338283,13.39558694,0.617801779,3.916880931,31.63874738,0.497248064,0.837993573,0.420957603,1.854106424,1.03455229,57.19558679,1.512183737,91.90374754,2.926023552,1.854106424,1.03455229,57.19558679,1.512183737,91.90374754,2.926023552,2.888658714,58.70777053,94.82977109,55.34148037,0.477631447,55.81911181,90.04964111,1.891471262,91.94111237,34.70816075,1.413839814,36.12200056,0.022654528,0.532978513,0.555633041,4.25055184,4.171435281,26.84220978,20.05547566,25.26661388,3.495923327,44.45525292,47.85992218,7.101167315,5.476718114,7806107342,145934069.4,0,61605650.66,0,0,0
ONAQ_M1_3,3.435281464,7.975755097,6.289052499,8.212587077,5.98552379,6.496360733,6.694884425,6.915202871,4.519654828,3.359086544,6.120429607,6.911822767,5.125509888,6.822216269,7.884022157,6.951867779,3.229234615,3.98237859,3.552149351,4.113964179,6.84972939,4.985676162,6.006548439,6.887404421,7.189553341,7.05551186,3.555566918,6.736678369,5.527866827,5.845295147,5.074340162,5.853475541,6.377105141,6.930819133,6.039020579,7.441100334,8.033954229,5.421952526,7.203558055,7.593545036,6.352235782,5.438367859,7.44856311,6.895519553,5.913282737,7.913998148,8.055710111,26.67700337,4.586747235,9.340359187,4.664604753,26.67700337,26.67700337,26.67700337,-112.472482,40.185937,ONAQ,Plot 004,M1,3,T0,8.73,19.46438091,0.964452733,20.18178833,10.70820547,11.10288261,0.538899157,3.846402714,30.05842366,0.460149015,0.764495808,0.370068779,0.350847397,0.451766422,2.821786111,0.397615864,0.341785817,1.864470797,0.350847397,0.451766422,2.821786111,0.397615864,0.341785817,1.864470797,0.802613819,3.219401974,2.206256614,2.470938714,-0.054150558,2.416788155,-0.00906158,1.412704375,1.403642795,-2.480000294,1.466854934,-1.01314536,0.141908287,0.615866241,0.757774528,23.04206302,4.833155131,29.13257896,22.04055368,25.30681527,3.476333936,41.41716567,50.2994012,8.083832335,4.290057322,7136112530,94160155.38,0,39518953.55,0,0,0
ONAQ_M1_7,2.692841427,6.964258438,5.844878292,6.213983834,5.263405696,5.443052267,6.397755025,5.812350434,3.938739882,1.917699271,4.677476058,5.594251008,4.046777674,5.506449405,6.993450999,6.917565459,2.126133943,3.209073783,2.944923863,3.190105803,6.366136692,4.173162056,4.839320843,5.676828115,5.429048984,5.786500132,2.554135567,6.695621714,4.418233923,5.173889775,4.458293396,4.716550469,5.100267841,6.569490568,5.053249261,7.154622507,6.333694092,4.348944974,6.081879648,6.014446386,6.478332878,4.59377505,6.202499897,5.758693511,4.450170531,7.160036566,7.907733681,25.58381301,3.248510666,8.492963182,3.386970373,25.58381301,25.58381301,25.58381301,-112.472482,40.185937,ONAQ,Plot 004,M1,7,T0,8.47,14.70365511,1.217510643,12.07681854,12.42616416,10.20620578,0.683896084,5.028416391,8.42464264,0.438665195,0.879379715,0.474179677,-0.267067989,0.305678578,2.739241801,-0.477251911,0.241234363,0.816287277,0,0.305678578,2.739241801,0,0.241234363,0.816287277,0.305678578,2.739241801,1.05752164,2.739241801,-0.305678578,2.433563223,0.241234363,0.510608699,0.751843062,-2.498007438,0.816287277,-1.681720161,0.03105526,0.450732194,0.481787455,6.889958334,6.394882793,34.29082965,29.91903619,44.42348468,4.554236714,36.60194175,52.91262136,10,4.399191894,3985292881,90933544.39,0,38450810.23,0,0,0
OSBS_M1_11,1.762505294,5.608806545,5.133448421,6.043141681,4.802197524,4.067285073,4.921539834,5.039660886,2.851782196,0.732334669,4.382841024,4.408164745,3.445253912,4.561806406,4.701383736,5.67586415,0.740457492,1.744911277,2.312164819,2.272675919,5.886862707,2.5975788,3.612298593,4.849783013,4.340265721,4.387961425,1.344343823,3.819505846,2.853719069,4.330722087,3.311537629,3.779212222,3.524626609,4.984359735,3.872863465,4.997812243,5.241520315,2.827516072,4.95865281,6.416587146,5.071860105,3.496682469,4.906050259,4.742244849,3.780406054,6.628699957,6.184782378,23.89092712,2.640641212,23.89092712,2.732737412,23.89092712,23.89092712,23.89092712,-81.956817,29.70386,OSBS,Plot 002,M1,11,T0,5.84,10.98674041,0.321714816,34.15055772,10.98674041,34.15055772,0.332379416,0.782106381,0.159783092,0.03143964,0.326007678,0.256965002,-0.174132128,-0.043321595,3.70150174,-0.199208913,0.190952711,-0.401677607,0,0,3.70150174,0,0.190952711,0,0,3.70150174,0.190952711,3.70150174,0,3.70150174,0.190952711,0,0.190952711,-3.510549028,0,-3.510549028,0.027604212,0.103438673,0.131042885,26.68654858,4.916324375,20.14719386,45.91656297,30.45050059,0.52514138,95.10284035,2.64446621,3.721841332,5.044733578,1858697611,147423317.2,0,47513799.11,0,0,0
OSBS_M1_15,1.650881118,5.090878749,4.453675258,4.947130034,3.982330852,4.559153562,4.125863716,5.709066876,2.535761674,0.835261901,4.090221814,4.746340209,3.314560897,4.472685696,4.501280255,6.229133906,0.515312179,1.742992371,1.839150292,2.186394303,5.882707562,2.440060951,3.588759085,4.580946255,4.975198698,3.842107819,1.09528238,4.673048261,2.935636395,4.080006395,2.985917081,3.357260358,4.180772809,5.224937351,3.607797663,6.470993251,5.188373484,2.624012217,5.0498625,5.596235521,4.33819267,3.539770243,4.847122311,5.183479504,3.103234129,5.7576294,5.989488373,23.97044021,2.446159687,5.817276565,2.222534929,23.97044021,23.97044021,23.97044021,-81.956817,29.70386,OSBS,Plot 002,M1,15,T0,5.46,10.61630521,0.291015762,36.4801725,10.61630521,36.4801725,0.288343291,0.659877067,0.146334595,0.013752771,0.285521121,0.217528981,-0.193028597,-0.349256488,2.418238478,-0.602899296,0.435351757,-0.268629381,0,0,2.418238478,0,0.435351757,0,0,2.418238478,0.435351757,2.418238478,0,2.418238478,0.435351757,0,0.435351757,-1.982886721,0,-1.982886721,0.025494054,0.129927864,0.155421918,19.62169898,4.043264437,21.28175921,47.28452228,25.17108758,0.442348086,95.7,2.4,3.3,5.019869204,1883927695,105031048.6,0,45826340.19,0,0,0
OSBS_M1_3,1.425825635,6.067897506,4.265986041,4.682008032,5.004038909,4.229085949,5.29571003,4.638050688,2.63395238,0.647184834,4.215835327,4.587835413,3.085848764,4.382136115,5.185956898,5.224998796,0.697811637,1.709434275,1.851308188,2.155781715,5.579626113,2.306401441,3.597682222,4.545225228,4.424491445,5.008238873,1.661406535,4.772032596,3.299183126,4.168173325,3.80054792,4.476415724,4.125246816,5.891565976,4.153292962,6.04375589,5.496374429,3.58294507,5.063535738,5.834013612,4.28235616,3.225013051,5.372003527,4.17165626,3.284512651,6.582145296,6.120544427,22.89194801,2.115927752,22.89194801,2.348951032,22.89194801,22.89194801,22.89194801,-81.956817,29.70386,OSBS,Plot 002,M1,3,T0,5.61,8.693644466,0.306365289,28.37672793,8.693644466,28.37672793,0.239441106,0.629972315,0.089548666,0.015534476,0.235371351,0.143671096,-0.365026437,-0.217162434,0.431602436,0.278975982,0.243072228,-0.312469271,0,0,0.431602436,0.278975982,0.243072228,0,0,0.710578419,0.243072228,0.431602436,0.278975982,0.710578419,0.243072228,0,0.243072228,-0.188530208,-0.278975982,-0.467506191,0.025338977,0.096036115,0.121375093,26.3848421,5.144062041,38.93096641,23.85656143,43.22690776,0.486301218,95.72989076,2.482621648,3.078450844,2.074004633,1326426486,94779889.9,0,32356332.53,0,0,0
OSBS_M1_7,1.508836773,5.61196389,5.067495933,5.612262944,4.272828243,4.397586876,4.735085691,5.602090353,3.089541281,0.997063998,4.36847664,5.193517048,3.33508412,4.983229213,4.803720065,5.187082622,1.201147566,1.897484191,2.030720572,2.219073833,6.102591002,2.624333259,3.436975998,4.054946358,4.447883051,4.0760894,1.62077418,4.45045106,3.493054579,4.353918096,3.815760854,4.384542798,3.729982033,5.358389137,4.37781925,6.277640029,7.071444326,3.275510557,5.206580983,7.035804941,4.426427482,3.284121241,4.993392613,5.198421967,4.049896414,7.38396006,6.523607172,22.77007475,2.68076449,22.77007475,2.850628679,22.77007475,22.77007475,22.77007475,-81.956817,29.70386,OSBS,Plot 002,M1,7,T0,5.63,4.477887777,0.306365289,14.61617204,4.477887777,14.61617204,0.187921706,0.471992975,0.078586399,0.034392267,0.177726293,0.131927154,-0.213691195,-0.102237168,1.119177229,-0.810684378,0.328979316,-1.503654418,0,0,1.119177229,0,0.328979316,0,0,1.119177229,0.328979316,1.119177229,0,1.119177229,0.328979316,0,0.328979316,-0.790197913,0,-0.790197913,0.035302617,0.093889765,0.129192383,37.60006999,7.915248942,27.32751995,40.27606468,95.95501338,0.340065821,96.63699308,1.582591494,3.363006924,1.803516977,1204056338,69233720.15,0,32566424.73,0,0,0
PUUM_M1_13,3.195533324,7.834660486,5.991165765,6.575156525,6.090662305,7.670890401,6.814348687,7.056573622,4.639060137,3.300863831,5.988023387,7.181449226,4.997673731,6.375019842,7.487221585,8.328675086,2.630684108,3.676661201,3.390066712,4.25712419,7.823304607,5.019306103,5.944578502,7.161512826,6.619353912,6.454286335,3.768286716,6.914009956,4.626228926,6.045323708,5.87417611,7.113286778,6.332078679,7.319569122,6.230597968,7.335154578,8.400356091,5.138994659,7.149469149,8.830345799,6.457085606,5.210710484,7.74373871,7.195516368,5.270166477,9.038078316,8.376994127,26.2577459,2.860821947,26.2577459,3.845663898,26.2577459,26.2577459,8.820744183,-155.230067,19.557778,PUUM,Plot 017,M1,13,T0,4.44,262.1153457,13.29483615,19.71557549,262.1153457,19.71557549,7.532190112,32.62617074,3.056484846,0.565879105,3.031890253,11.48248043,-4.179451517,-3.705356527,54.75398901,8.678673976,184.4529899,5.594976567,0,0,54.75398901,8.678673976,184.4529899,5.594976567,0,63.43266298,190.0479665,54.75398901,8.678673976,63.43266298,184.4529899,5.594976567,190.0479665,129.6990009,-3.083697409,126.6153035,0.507826707,14.49494282,15.00276953,3.503475061,7.186419278,42.84391117,13.09712355,12.25787774,21.14369031,85.65310493,3.640256959,7.922912206,34.32957066,10039160968,353478064.7,0,150783341.3,0,0,0
PUUM_M1_16,3.943511078,8.338857837,7.238831784,7.189486356,7.319851223,8.139337675,7.926396753,7.738393194,5.440672672,4.607632146,7.05254833,7.695658126,5.817498783,7.445220416,8.864065362,9.292323056,3.792962976,4.59422683,4.557341876,4.89879135,8.77867875,6.041704555,7.006866384,8.021404296,8.101710188,8.116331881,5.603769647,8.806344091,6.001991633,7.742267576,7.278935007,9.532144518,7.697745936,8.900868145,8.368955769,10.30884287,9.273979198,6.877212946,9.260999663,10.89641682,7.380359549,5.518581213,8.672829562,7.72721756,5.6711168,8.830533074,7.91025627,27.02267003,3.411384043,9.520022595,3.762909267,9.58898448,8.859890705,9.193562225,-155.230067,19.557778,PUUM,Plot 017,M1,16,T0,5,244.7172301,12.21357603,20.03649295,244.7172301,20.03649295,9.786890693,22.23481964,3.4247101,0.23686628,4.65877683,9.09338083,0.779237095,2.040150279,609.8676678,12.30678908,937.1827083,4.837425203,0.779237095,2.040150279,609.8676678,12.30678908,937.1827083,4.837425203,2.819387374,622.1744569,942.0201335,609.0884307,10.2666388,619.3550695,936.4034712,2.797274924,939.2007461,327.3150405,-7.469363872,319.8456766,0.481913123,8.0816619,8.563575022,5.963044836,7.379759879,41.91797492,14.36385374,11.5466181,13.14143881,83.17610063,6.761006289,6.289308176,35.15082502,14612756452,200886840.1,0,93768347.15,0,0,0
PUUM_M1_2,4.034933827,8.727752805,6.918976127,7.350831089,7.285027788,8.847402165,6.780084583,7.956423178,5.797750712,4.497235015,6.916194985,7.482815026,5.763314196,7.307470302,8.806276455,8.758574093,3.926606295,4.852743576,4.402469959,5.07021687,7.939001741,5.310609229,6.950227445,8.179668594,7.238791558,7.368103479,4.550867105,7.396843376,5.017727623,6.917670061,6.111732831,8.048547592,6.640223254,7.797553054,7.141918056,8.318072636,8.426316469,5.687031631,7.470607802,8.879418925,6.583627204,5.340921932,7.907053308,7.855617474,5.217866903,7.696272171,7.984422096,27.17197032,5.488171692,27.17197032,5.482862408,27.17197032,27.17197032,27.17197032,-155.230067,19.557778,PUUM,Plot 017,M1,2,T0,4.86,200.2278148,10.32972573,19.38365257,200.2278148,19.38365257,16.51349397,53.74506861,0.911024053,0.426868576,7.614662857,21.95654389,2.932789778,-0.106645118,7.31327139,8.42802155,701.7599751,44.10218558,2.932789778,0,7.31327139,8.42802155,701.7599751,44.10218558,2.932789778,15.74129294,745.8621607,4.380481612,8.42802155,12.80850316,698.8271853,44.10218558,742.9293709,694.4467037,35.67416403,730.1208678,0.333847677,4.676366997,5.010214674,7.139039275,6.443139075,37.66711232,17.4489935,15.58122287,31.78852472,85.68507157,3.885480573,6.339468303,34.93773838,10647845763,331239224.5,0,127244891,0,0,0
PUUM_M1_7,3.694507521,8.461778574,6.514616499,6.885603451,6.448920461,8.158470174,7.517395506,7.541020198,5.048742664,3.830036713,6.244436262,7.496304156,5.428046114,6.551057778,7.436652422,8.112981941,3.352459366,4.02380493,3.726935032,4.536990022,8.24130136,5.338209669,6.227095684,7.554646288,7.076717389,6.648956268,4.099496918,7.153565724,4.348978884,6.0506925,5.803390153,7.437096344,6.107520218,7.425153505,7.080835614,7.655866755,8.269365991,5.347320437,8.00986815,8.415840225,6.192658384,5.555619438,7.81972853,7.409032457,5.066822485,8.694072137,8.453441707,26.54029409,4.07902034,26.54029409,4.326730362,26.54029409,26.54029409,8.975107233,-155.230067,19.557778,PUUM,Plot 017,M1,7,T0,4.36,295.353532,11.39872022,25.91111337,295.353532,25.91111337,2.211849881,22.43332239,3.205072389,0.306320232,0.911025376,8.050752041,-5.373548164,2.39688807,6.196983749,13.65907108,7.453433036,103.7284322,0,2.39688807,6.196983749,13.65907108,7.453433036,103.7284322,2.39688807,19.85605483,111.1818653,6.196983749,11.26218301,17.45916676,7.453433036,101.3315442,108.7849772,1.256449287,90.06936115,91.32581043,0.115166541,5.243631992,5.358798532,2.196312423,6.107750388,36.62228264,14.69281045,13.50526616,14.38257035,81.15183246,1.570680628,20.94240838,43.39573462,7157988706,202201761.1,0,67207637.85,0,0,0
SCBI_M1_11,4.618824379,9.213716239,7.491130401,8.413664038,7.906373913,8.374179313,8.760720081,8.407248598,5.900746127,5.126574983,7.267144649,7.797367005,6.310106583,7.969092948,8.798760705,9.401272058,4.390546627,5.45810539,4.851582512,5.369911089,8.880193492,5.996151181,6.925179723,7.490571619,7.497866614,7.976379111,4.79977426,7.133701792,5.657340984,6.128484889,6.038008689,7.504614246,6.57763535,8.521575555,7.898668882,7.610619399,8.610140541,6.043115645,7.836061567,8.02645266,7.229801165,6.453710853,9.327492599,8.172240836,6.16586223,9.028097935,8.660589396,27.27918196,4.835579436,27.27918196,4.748759208,27.27918196,27.27918196,10.19889122,-78.142701,38.895212,SCBI,Plot 004,M1,11,T0,6.14,81.69496579,5.094912752,16.03461527,81.69496579,16.03461527,3.464404193,38.74186585,3.80158945,2.446007373,1.486349455,2.818131136,0.029597318,0.66589142,280.4345639,0,201.8955006,5.527377086,0.029597318,0.66589142,280.4345639,0,201.8955006,5.527377086,0.695488738,280.4345639,207.4228776,280.4049666,-0.66589142,279.7390752,201.8659032,4.861485666,206.7273889,-78.53906334,5.527377086,-73.01168625,0.05746784,0.995918777,1.053386617,5.770333995,6.126114375,42.78656262,20.29020805,28.0128002,35.92373471,44.32485323,47.65166341,7.240704501,16.57607853,15316146205,170772291,16654290.46,71053516.72,0,0,0
SCBI_M1_15,3.708096413,7.860089245,7.023532674,7.42982645,6.873995919,7.134534674,7.437267937,7.70333558,5.492888135,4.092136718,6.547261602,7.502013928,5.670569185,6.729256737,7.938616102,8.154908591,3.460990096,4.406043251,4.112664317,4.460428654,8.018325038,6.264490474,7.699457475,9.092655887,8.038302329,9.033058679,5.649079469,7.956192983,6.014379831,6.644058382,6.255288665,8.251976814,7.201324831,8.220050008,7.476147994,7.94763604,8.652625035,6.037658625,7.32511129,8.527016134,6.18712094,5.181000852,8.309642703,7.265418152,5.528765082,7.550907063,7.643218834,27.07976526,4.223077677,27.07976526,4.435981356,9.390863633,27.07976526,8.649359879,-78.142701,38.895212,SCBI,Plot 004,M1,15,T0,6.64,42.22942009,3.284141273,12.85858816,42.22942009,12.85858816,3.743229819,51.09281094,3.827035607,1.894194805,1.711930667,3.435102089,0.35113109,0.383799702,9.021655791,1.972680758,2.871957562,4.378005928,0.35113109,0.383799702,9.021655791,1.972680758,2.871957562,4.378005928,0.734930792,10.99433655,7.24996349,8.670524701,1.588881055,10.25940576,2.520826472,3.994206226,6.515032698,-6.149698229,2.40532517,-3.744373059,0.118098357,6.400031007,6.518129365,1.845277891,6.660524483,53.00671127,17.31079479,18.99024506,47.65770885,32.94346979,57.21247563,9.454191033,7.310248252,11623040781,113219730.8,0,41122141.76,0,0,0
SCBI_M1_3,1.673224336,5.732249166,4.728993058,5.109803234,4.486574262,4.972920564,5.443079834,4.700279587,3.011206112,1.606915673,4.452035846,4.77864026,3.387353271,4.871837766,5.844913061,6.50822245,1.164990762,2.484641463,2.42334335,2.300484377,6.055747413,3.216328754,3.889164267,4.488054621,5.260758915,5.476448519,1.901897723,4.934945282,3.22521716,4.457933664,3.872711975,4.501489589,4.149726428,5.968865798,4.548564276,6.151355129,6.298046626,3.509464053,4.941031732,5.699440618,5.021600866,3.334256477,5.509865872,5.015535287,3.618124962,5.632846172,6.547509898,25.20656906,1.768942787,7.001678218,2.098538943,25.20656906,25.20656906,7.134241068,-78.142701,38.895212,SCBI,Plot 004,M1,3,T0,4.98,19.34531079,1.371632295,14.10386068,19.34531079,14.10386068,4.206215505,41.75640129,0.132389947,1.398857947,1.446854345,2.0713105,-0.211907547,0.225832472,3.555496707,-0.063921671,0.479387284,2.465008798,0,0.225832472,3.555496707,0,0.479387284,2.465008798,0.225832472,3.555496707,2.944396083,3.555496707,-0.225832472,3.329664236,0.479387284,2.239176327,2.718563611,-3.076109423,2.465008798,-0.611100625,0.034904888,0.531258945,0.566163833,6.570221255,16.92445017,46.21278561,18.50346007,44.54257818,39.68509079,20.55610725,68.02383317,11.91658391,3.579551858,4753848260,260271554.6,0,93484888.62,0,0,0
SCBI_M1_7,4.417347101,8.998926694,7.518104903,8.293232595,7.766670119,8.872336493,9.179374014,9.200601019,5.920243107,5.433422703,7.738668533,8.350176753,6.211387958,7.890777554,8.870393351,8.937599464,4.531009624,5.769076641,4.740156026,5.244148474,9.246995833,6.558144967,7.354270792,7.75277666,7.805079836,8.292147674,5.247381317,7.626252173,6.091988705,6.526547058,6.603748959,8.651172052,7.197802547,8.79750584,8.208420938,8.895068743,8.927200016,6.527633066,8.494573642,9.872938901,7.597907567,5.859939586,8.880352639,8.121730521,6.376626295,9.676755985,8.465812979,27.04391667,4.327098376,27.04391667,4.868968041,9.791206751,27.04391667,9.458957208,-78.142701,38.895212,SCBI,Plot 004,M1,7,T0,6.52,47.12369825,3.463913814,13.60417746,47.12369825,13.60417746,3.500498554,41.74492293,2.884487023,1.545875791,1.177046617,1.693965111,0.160915946,0.825693064,214.0682191,1.068592081,194.3780292,4.99826948,0.160915946,0.825693064,214.0682191,1.068592081,194.3780292,4.99826948,0.98660901,215.1368112,199.3762986,213.9073031,0.242899017,214.1502022,194.2171132,4.172576416,198.3896896,-19.69018993,3.929677399,-15.76051253,0.048795671,1.494722005,1.543517676,3.264531497,8.182057285,52.09534787,15.83715024,27.81734131,40.05095782,31.5529179,59.74282888,8.40751731,7.463050889,14769666827,127082882.2,38007599.61,31916313.32,0,0,0
SRER_M1_11,3.067297777,6.933866372,6.20008747,6.655081071,5.344274656,5.219381966,6.669752462,5.701516668,3.501895667,1.957167763,4.887991422,6.140749768,4.341230455,5.079542754,6.432380028,6.250386865,1.889471765,3.576931076,3.365778578,2.751548387,6.048177459,4.331787086,5.423968324,5.863931562,5.710015596,6.066949474,2.626612679,6.691752067,5.185087131,5.12594187,5.15083926,5.472805476,5.322116694,5.728226723,5.353859147,7.10006503,6.489748575,5.099688827,7.736473096,6.277547223,5.912239289,4.292321086,6.039140001,5.904534824,5.253713738,7.894708179,8.562791621,23.67959375,3.679069599,23.67959375,3.229850605,23.67959375,23.67959375,23.67959375,-110.917189,31.840609,SRER,Plot 002,M1,11,T0,7.23,3.627677035,0.360465698,10.06386197,3.627677035,10.06386197,0.256861725,7.702650522,0.786596689,0.168892697,0.188113034,0.304777332,0.919136763,0.331385772,0,0,0.385913816,1.418919364,0.919136763,0.331385772,0,0,0.385913816,1.418919364,1.250522536,0,1.80483318,-0.919136763,-0.331385772,-1.250522536,-0.533222947,1.087533592,0.554310645,0.385913816,1.418919364,1.80483318,0.012474767,0.137012801,0.149487568,9.104818819,3.041868467,9.030207084,91.17448572,123.0454377,7.39787319,83.21747766,13.20754717,5.461767627,3.30751588,2728747814,101393589.8,0,39416360.45,0,0,0
SRER_M1_15,2.454388691,6.709382411,6.489052174,6.42240017,5.724944852,5.161126488,6.438397906,7.980837763,4.407774861,2.246067023,5.656532837,5.578777788,4.871726564,5.66836229,6.467071163,7.546939965,2.496140014,3.419277763,3.248238279,3.215718515,7.119786896,4.654642825,5.489449877,5.489685689,6.524467766,6.717561726,3.11749717,6.88056024,5.250916175,5.732091562,4.987826994,5.81703032,5.960864742,6.446543144,5.748841935,7.440150086,7.418383604,4.876695203,6.412861223,8.324176799,6.412315992,4.733212601,6.646167755,5.852353596,5.217133102,8.492790336,8.135650644,22.74172467,4.080417325,22.74172467,3.972536711,22.74172467,22.74172467,22.74172467,-110.917189,31.840609,SRER,Plot 002,M1,15,T0,6.73,7.565906076,0.689992567,10.9651994,7.565906076,10.9651994,0.212574317,6.031840869,0.93418058,0.160799942,0.160950434,0.886626488,1.691728922,0.32271763,2.279599802,-0.268264403,0.211756807,0.168937763,1.691728922,0.32271763,2.279599802,0,0.211756807,0.168937763,2.014446552,2.279599802,0.38069457,0.58787088,-0.32271763,0.26515325,-1.479972115,-0.153779867,-1.633751982,-2.067842995,0.168937763,-1.898905232,0.027499908,0.131388939,0.158888847,20.93015477,4.066210901,10.88963332,47.98076127,59.01923383,5.145214381,14.08866995,82.36453202,5.221674877,3.630179333,1463822939,0,0,13562987.53,0,0,0
SRER_M1_3,2.803367226,6.318317567,6.066705268,7.5804888,4.389508645,4.337443555,7.068434963,7.215829931,4.012175235,1.91094798,5.797817578,5.801517553,4.465365578,6.255924258,6.584545628,7.149120272,2.399674155,3.353254638,3.238201599,3.074851463,6.556474856,4.340008856,5.874907328,6.484812314,6.400649227,5.468775823,2.686846258,6.148638325,4.20529192,5.820701283,5.382859465,5.637318456,5.394199008,6.478069046,5.700635923,6.721864549,6.643123418,4.429867171,6.025845268,7.256036638,5.559316212,4.817525534,6.255200409,5.755900141,4.345038052,6.950792545,6.769912773,23.98048876,4.40393426,23.98048876,4.077735303,23.98048876,23.98048876,23.98048876,-110.917189,31.840609,SRER,Plot 002,M1,3,T0,6.04,4.60997998,0.409976606,11.24449521,4.60997998,11.24449521,0.299039272,5.024045576,0.501915493,0.158619289,0.211831132,0.156470107,0.530736477,0.774519381,2.520484596,0.189527114,0.479604846,1.556886423,0.530736477,0.774519381,2.520484596,0.189527114,0.479604846,1.556886423,1.305255857,2.71001171,2.036491269,1.989748119,-0.584992267,1.404755852,-0.051131631,0.782367043,0.731235412,-2.04087975,1.367359309,-0.67352044,0.035796351,0.12906301,0.164859361,27.73556203,2.715464706,15.93212341,55.35646117,79.15637477,4.867575469,80.23369036,14.7030185,5.93962999,2.551921778,1625516618,63335000.29,0,20143888.9,0,0,0
SRER_M1_7,2.696331216,7.14185005,5.785593427,7.285413366,4.869976381,5.094221455,5.87543515,4.983353316,3.907700365,1.484400089,4.556819652,5.736432394,3.826308207,5.194234165,6.208318267,5.732636379,1.716360703,3.025813826,2.882401355,2.774721756,6.033626125,3.501805305,4.980433359,6.076670686,5.204292366,5.482244217,2.279291837,5.571300209,4.241638367,4.667734283,4.512181439,5.046046476,5.300804384,6.775400188,4.771075986,7.634692282,6.143375279,4.177874337,6.218395699,6.824215562,5.844802291,4.535030805,6.409632539,6.045147986,4.510401449,7.108747126,7.887068744,23.81576639,3.572468524,23.81576639,3.645096479,23.81576639,23.81576639,23.81576639,-110.917189,31.840609,SRER,Plot 002,M1,7,T0,6.04,3.980783732,0.369576333,10.77120847,3.980783732,10.77120847,0.253657813,6.13220639,0.585180347,0.148437086,0.225699579,2.319287568,2.192148485,0.789143634,166.1530671,0.064402521,0.248631659,1.190137222,2.192148485,0.789143634,166.1530671,0.064402521,0.248631659,1.190137222,2.981292119,166.2174696,1.438768882,163.9609186,-0.724741112,163.2361775,-1.943516825,0.400993588,-1.542523237,-165.9044354,1.125734701,-164.7787007,0.028290257,0.151777324,0.180067581,18.63931709,2.921675379,9.693377106,140.264256,122.7571872,3.812918821,83.64905284,12.86141575,5.18444666,5.583616685,1598605207,0,0,13880541.67,0,0,0
YELL_M1_11,3.785415181,8.769757051,7.396332137,7.764435252,7.069869565,7.758808158,8.077559823,8.196586466,5.237732992,4.013092858,6.633239817,7.339342261,5.560049097,6.862250858,8.058127377,8.518890148,3.715938113,4.821236807,4.321981926,4.460337715,8.196231171,5.462577031,6.640381048,7.095607902,6.858958344,6.881089107,3.812759121,6.909237893,5.673934986,5.629961558,5.722094323,6.781609368,6.035573023,7.795557748,6.957224935,7.399280296,7.067330997,5.619785227,7.678415728,8.173066098,6.654745056,6.192884291,8.143277951,7.553294615,6.127478119,8.736959056,8.609009216,26.51292834,4.161781118,26.51292834,4.166118822,26.51292834,26.51292834,9.173154749,-110.410361,44.917485,YELL,Plot 006,M1,11,T0,6.6,71.13771333,5.930804698,11.99461405,71.13771333,11.99461405,0.948268288,7.490723654,5.220656698,0.558355235,1.053049213,3.110869125,0.608943283,1.430513095,7.40666448,6.290159604,1.691846246,5.90882802,0.608943283,1.430513095,7.40666448,6.290159604,1.691846246,5.90882802,2.039456379,13.69682408,7.600674266,6.797721196,4.859646509,11.65736771,1.082902962,4.478314925,5.561217887,-5.714818234,-0.381331584,-6.096149818,1.107795411,1.3813076,2.48910301,80.19903827,5.834237424,46.51960243,12.14186447,10.82960633,4.379854529,46.34387352,45.35573123,6.818181818,8.637444741,11777611044,147984784,0,59322816.26,0,0,0
YELL_M1_16,3.147766361,7.517875321,6.274861442,7.065004093,6.567337102,6.592151758,7.410359741,7.50900171,4.872917141,3.424363447,6.697968487,6.698976634,4.825580815,6.343302451,7.382464721,8.343497715,3.005393996,3.961856145,3.925885397,3.955407873,6.558316353,4.759225304,5.475836721,6.496839466,6.324434582,6.22928964,3.309689095,6.087832027,4.526003352,5.626721221,5.103221074,5.860303031,5.468861508,6.763501761,6.239348368,7.354868363,6.724085785,5.103084392,6.873342605,7.731800884,5.83897421,4.954501432,7.014819259,6.704546685,5.389831493,7.467701632,7.08083293,26.76194826,4.046480449,9.613517911,4.204691135,9.021139737,26.76194826,9.498158418,-110.410361,44.917485,YELL,Plot 006,M1,16,T0,6.57,36.41402596,2.997520444,12.14804924,36.41402596,12.14804924,1.040735241,9.000782497,4.039869178,0.564541785,1.171790894,3.282567833,0.151814433,2.349942693,2.205792631,4.527122999,1.08829233,3.98189141,0.151814433,2.349942693,2.205792631,4.527122999,1.08829233,3.98189141,2.501757127,6.73291563,5.07018374,2.053978197,2.177180306,4.231158503,0.936477897,1.631948716,2.568426613,-1.117500301,-0.545231589,-1.66273189,0.119861774,2.0157995,2.135661274,5.946115889,6.378939102,40.31135989,19.1648149,25.00535226,5.718214665,34.3100189,52.07939509,12.57088847,6.978680673,11460194124,130885127.2,0,56344767.58,0,0,0
YELL_M1_3,2.747001969,6.569592444,5.853763218,6.438740115,5.622905721,5.970203486,6.741307915,6.406606818,4.44286849,2.554344488,5.736724325,6.50499885,4.739278406,6.251846336,6.923833884,7.302776275,2.309189545,3.7086604,3.559402567,3.425252624,7.511323737,4.094937443,4.871387276,6.004188165,5.958340124,5.958579256,2.730167544,5.82034564,4.769541585,5.304208591,4.874360136,5.552665279,5.414746325,6.520366878,5.962181066,7.742743147,6.577322582,4.766458574,6.626324989,7.448052241,5.497891358,4.351891878,6.598763565,5.694181655,5.114152407,7.095207674,7.665788132,25.11151146,2.667965464,7.531510562,3.110609606,25.11151146,25.11151146,7.445457648,-110.410361,44.917485,YELL,Plot 006,M1,3,T0,6.24,26.95984929,2.4345099,11.0740356,26.95984929,11.0740356,0.867920024,9.215563276,3.057646655,0.613132071,1.215010401,2.544384969,-0.051031546,0.975783136,0.584914104,3.918224421,0.471444474,7.014762462,0,0.975783136,0.584914104,3.918224421,0.471444474,7.014762462,0.975783136,4.503138525,7.486206936,0.584914104,2.942441285,3.527355389,0.471444474,6.038979326,6.5104238,-0.11346963,3.096538041,2.983068411,0.1340922,3.978481821,4.112574021,3.370436404,3.805147421,38.92892965,30.0136067,18.92626424,6.671178306,32.44312562,54.59940653,12.26508408,8.091623135,6368377227,223068118.3,0,69846735.8,0,0,0
YELL_M1_7,4.229789653,8.898877142,7.096599743,7.671779208,7.359568014,7.541415309,7.677127149,7.765989793,5.468948156,4.338786285,6.978598015,7.561276295,5.728582954,7.310625366,8.592693071,8.794938052,3.87023425,4.916815679,4.430692351,4.737066676,9.076024361,5.683164785,6.525093336,7.067909167,7.01825348,6.904143136,4.101844943,7.141101784,5.787764421,6.326998477,6.014876296,7.102272581,6.456351638,7.884366119,7.072218832,7.731899436,7.498300995,5.7815911,7.725977736,8.426792177,6.915635621,5.906581147,8.239543126,7.575250422,6.104636449,8.925693146,8.377039302,26.61821238,3.818721483,9.38383597,4.28389324,26.61821238,26.61821238,26.61821238,-110.410361,44.917485,YELL,Plot 006,M1,7,T0,6.17,30.24983259,2.606377747,11.60608152,30.24983259,11.60608152,0.818185284,7.143946478,3.999968259,0.499022391,0.742890954,2.276666074,0.11504324,1.16273132,3.504340345,4.236545418,2.280096736,7.849142636,0.11504324,1.16273132,3.504340345,4.236545418,2.280096736,7.849142636,1.277774561,7.740885764,10.12923937,3.389297105,3.073814098,6.463111203,2.165053496,6.686411315,8.851464811,-1.224243609,3.612597217,2.388353608,0.11507349,4.001032235,4.116105725,2.876095061,4.685520116,44.013307,24.74771297,19.59636938,4.867280404,49.0803485,41.23910939,8.131655373,7.486141744,11552712705,140280133.3,0,53148933.89,0,0,0